Model,Precision,Recall,F1-Score,Accuracy
Stacked,0.9846935261707989,0.9840909090909091,0.9840613875192548,0.9840909090909091
XGB,0.9869011544011543,0.9863636363636363,0.986347164805032,0.9863636363636363
Stacked,0.9846935261707989,0.9840909090909091,0.9840613875192548,0.9840909090909091
